{"loss": [11.15463125770695, 6.037106439805607, 5.087399458003236, 4.676572883603741, 4.4402314038782364], "acc": [0.7111679982214775, 0.7842039827312204, 0.7934635092694834, 0.7977713880720451, 0.8008972505431039], "f1": [0.7111679982214775, 0.7842039827312204, 0.7934635092694834, 0.7977713880720451, 0.8008972505431039], "val_loss": [6.616328239678402, 5.127444846376434, 4.628248030167324, 4.588999740422711, 4.310372444476522], "val_acc": [0.7849880618498867, 0.797534172386531, 0.8032577847231196, 0.7992811371563352, 0.8040921017211697], "val_f1": [0.7849880618498868, 0.797534172386531, 0.8032577847231196, 0.7992811371563352, 0.8040921017211697]}